Ingredient Name,Entity ID,Category,StockQuantity,Price ($)
Egg,0,Meat,87,18.4
Bread,2,Bakery,5,7.1
Rye Bread,3,Bakery,99,3.7
Wheaten Bread,4,Bakery,82,7.0
White Bread,5,Bakery,43,3.1
Wholewheat Bread,6,Bakery,100,7.1
Wort,7,Beverage,21,2.8
Arrack,8,Beverage Alcoholic,16,12.5
Beer,9,Beverage Alcoholic,81,11.3
Bantu Beer,10,Beverage Alcoholic,2,8.5
Brandy,11,Beverage Alcoholic,60,19.1
Anise Brandy,12,Beverage Alcoholic,88,18.5
Apple Brandy,13,Beverage Alcoholic,61,13.6
Armagnac Brandy,14,Beverage Alcoholic,6,7.3
Blackberry Brandy,15,Beverage Alcoholic,25,13.1
Cherry Brandy,16,Beverage Alcoholic,39,9.8
Cognac Brandy,17,Beverage Alcoholic,97,15.8
Papaya Brandy,18,Beverage Alcoholic,82,10.2
Pear Brandy,19,Beverage Alcoholic,99,19.7
Plum Brandy,20,Beverage Alcoholic,64,16.9
Raspberry Brandy,21,Beverage Alcoholic,76,14.1
Weinbrand Brandy,22,Beverage Alcoholic,96,15.2
Gin,23,Beverage Alcoholic,71,7.7
Rum,24,Beverage Alcoholic,32,12.7
Whisky,25,Beverage Alcoholic,58,15.7
Bourbon Whisky,26,Beverage Alcoholic,78,8.7
Canadian Whisky,27,Beverage Alcoholic,58,12.3
Finnish Whisky,28,Beverage Alcoholic,1,8.1
Japanese Whisky,29,Beverage Alcoholic,75,19.7
Malt Whisky,30,Beverage Alcoholic,12,15.2
Scotch,31,Beverage Alcoholic,83,11.1
Wine,32,Beverage Alcoholic,94,9.9
Bilberry Wine,33,Beverage Alcoholic,69,15.5
Botrytized Wine,34,Beverage Alcoholic,45,17.2
Champagne,35,Beverage Alcoholic,14,6.7
Cider,36,Beverage Alcoholic,85,10.1
Plum Wine,37,Beverage Alcoholic,6,17.2
Port Wine,38,Beverage Alcoholic,49,16.3
Red Wine,39,Beverage Alcoholic,76,11.4
Rose Wine,40,Beverage Alcoholic,68,13.3
Sake,41,Beverage Alcoholic,81,15.0
Sherry,42,Beverage Alcoholic,56,13.1
Sparkling Wine,43,Beverage Alcoholic,64,18.3
Strawberry Wine,44,Beverage Alcoholic,63,13.7
White Wine,45,Beverage Alcoholic,22,16.9
Coffee,46,Beverage,62,5.4
Mate,47,Beverage,81,6.3
Black Tea,48,Beverage,45,5.8
Green Tea,49,Beverage,9,3.5
Roibos Tea,50,Beverage,34,4.2
Barley,51,Cereal,100,8.2
Crispbread,52,Cereal,48,8.3
Malt,53,Cereal,60,4.8
Oats,54,Cereal,11,9.3
Rice,55,Cereal,95,5.2
Corn,56,Maize,31,3.7
Corn Oil,57,Maize,32,4.3
Popcorn,58,Maize,38,3.4
Sweetcorn,59,Maize,95,3.5
Butter,60,Dairy,85,8.0
Buttermilk,61,Dairy,60,9.2
Cheese,62,Dairy,23,4.0
Blue Cheese,63,Dairy,59,3.3
Camembert Cheese,64,Dairy,62,7.5
Cheddar Cheese,65,Dairy,3,6.8
Comte Cheese,66,Dairy,81,3.8
Cottage Cheese,67,Dairy,73,8.9
Cream Cheese,68,Dairy,36,5.5
Domiati Cheese,69,Dairy,12,8.7
Emmental Cheese,70,Dairy,72,9.8
Feta Cheese,71,Dairy,15,4.0
Goat Cheese,72,Dairy,54,4.4
Gruyere Cheese,73,Dairy,47,9.3
Limburger Cheese,74,Dairy,19,4.2
Mozzarella Cheese,75,Dairy,73,7.3
Munster Cheese,76,Dairy,57,6.3
Parmesan Cheese,78,Dairy,85,5.1
Provolone Cheese,79,Dairy,25,9.7
Romano Cheese,80,Dairy,13,8.9
Roquefort Cheese,81,Dairy,8,4.4
Russian Cheese,82,Dairy,46,4.8
Sheep Cheese,83,Dairy,88,6.9
Swiss Cheese,84,Dairy,40,4.2
Tilsit Cheese,85,Dairy,27,10.0
Ghee,87,Dairy,1,8.0
Milk,88,Dairy,62,6.6
Milk Fat,89,Dairy,16,7.2
Goat Milk,90,Dairy,18,8.2
Milk Powder,91,Dairy,96,8.9
Sheep Milk,92,Dairy,60,6.8
Skimmed Milk,93,Dairy,6,7.8
Yogurt,94,Dairy,14,7.2
Achilleas,95,Essential Oil,14,8.3
Arar,96,Essential Oil,17,10.1
Buchu,97,Essential Oil,53,9.0
Cajeput,98,Essential Oil,75,11.6
Camphor,99,Essential Oil,62,6.2
Cascarilla,100,Essential Oil,23,10.0
Cedar,101,Essential Oil,84,9.6
Chamomile,102,Essential Oil,5,11.9
Citronella Oil,103,Essential Oil,43,8.3
Citrus Peel Oil,104,Essential Oil,37,4.8
Eucalyptus Oil,105,Essential Oil,24,10.5
Fir,106,Essential Oil,19,7.6
Geranium,107,Essential Oil,49,5.1
Grapefruit Peel Oil,108,Essential Oil,9,8.2
Grass,109,Essential Oil,38,8.4
Hops Oil,110,Essential Oil,50,11.5
Hyacinth,111,Essential Oil,83,6.2
Hyssop Oil,112,Essential Oil,12,4.6
Lemon Grass,113,Essential Oil,65,4.5
Lemon Peel Oil,114,Essential Oil,33,4.3
Lime Peel Oil,115,Essential Oil,23,8.1
Lovage,116,Essential Oil,39,4.2
Mandarin Orange Peel Oil,117,Essential Oil,55,8.7
Mastic Gum,118,Essential Oil,12,11.7
Mentha Oil,119,Essential Oil,38,9.4
Myrrh,120,Essential Oil,23,4.5
Neroli Oil,121,Essential Oil,57,7.2
Orange Oil,122,Essential Oil,25,6.4
Orris,123,Essential Oil,21,9.5
Clary Sage,124,Essential Oil,97,10.1
Red Sage,125,Essential Oil,50,8.6
Spanish Sage,126,Essential Oil,42,11.7
Sandalwood,127,Essential Oil,87,5.4
Sea Buckthorns,128,Fruit,33,2.0
Sweet Grass,129,Essential Oil,42,5.7
Valerian,130,Essential Oil,88,5.4
Wattle,131,Essential Oil,84,5.2
Yarrow,132,Essential Oil,4,7.6
Ylang-Ylang,133,Essential Oil,40,7.6
Clam,134,Seafood,81,10.7
Crab,135,Seafood,11,12.3
Crayfish,136,Seafood,61,11.6
Kelp,137,Seafood,49,10.5
Krill,138,Seafood,68,9.6
Lobster,139,Seafood,32,9.9
Mollusc,140,Seafood,72,8.2
Oyster,141,Seafood,2,13.2
Prawn,142,Seafood,94,11.2
Scallop,143,Seafood,51,10.3
Shellfish,144,Seafood,40,5.4
Shrimp,145,Seafood,92,14.5
Trassi,146,Seafood,44,7.4
Squid,147,Seafood,65,13.5
Bonito,148,Fish,22,10.7
Caviar,149,Fish,39,13.8
Codfish,150,Fish,35,9.8
Fish,151,Fish,59,8.1
Fatty Fish,152,Fish,4,10.4
Lean Fish,153,Fish,38,10.0
Fish Oil,154,Fish,40,14.7
Smoked Fish,155,Fish,41,10.5
Salmon,156,Fish,84,8.1
Artichoke,157,Flower,94,2.2
Champaca,158,Flower,71,2.2
Jasmine,159,Flower,89,4.4
Lavendar,160,Flower,48,2.9
Rose,161,Flower,81,5.7
Apple,162,Fruit,25,2.6
Apple Sauce,163,Fruit,81,2.1
Apricot,164,Fruit,82,3.0
Avocado,165,Fruit,50,5.7
Babaco,166,Fruit,57,2.4
Banana,167,Fruit,79,4.0
Beli,168,Fruit,58,5.1
Byrsonima crassifolia,169,Fruit,56,5.8
Cashew Apple,170,Fruit,48,5.2
Cherimoya,171,Fruit,75,4.0
Coconut,172,Fruit,99,3.1
Currant,173,Fruit,40,6.0
Black Currant,174,Fruit,68,4.3
Red Currant,175,Fruit,13,2.7
White Currant,176,Fruit,54,3.3
Dates,177,Fruit,24,4.5
Durian,178,Fruit,24,4.3
Elderberry,179,Fruit,53,5.6
Feijoa,180,Fruit,52,4.9
Fig,181,Fruit,21,2.3
Grape,182,Fruit,95,5.2
Guava,183,Fruit,9,4.0
Hogplum,184,Fruit,19,4.6
Jackfruit,185,Fruit,27,4.6
Kiwifruit,186,Fruit,88,3.6
Litchi,187,Fruit,59,4.0
Loquat,188,Fruit,78,4.8
Malay Apple,189,Fruit,2,5.0
Mango,190,Fruit,96,3.2
Melon,191,Fruit,77,2.4
Musk Melon,192,Fruit,95,4.2
Naranjilla,193,Fruit,81,3.0
Orange,194,Fruit,63,2.9
Bitter Orange,195,Fruit,89,5.1
Papaya,196,Fruit,45,4.7
Mountain Papaya,197,Fruit,20,3.1
Passionfruit,198,Fruit,65,4.3
Yellow Passionfruit,199,Fruit,53,2.2
Pawpaw,200,Fruit,92,3.2
Peach,201,Fruit,17,4.3
Pear,202,Fruit,98,2.7
Bartlett Pear,203,Fruit,78,3.1
Prickly Pear,204,Fruit,5,3.3
Pepino,205,Fruit,14,3.4
Pineapple,206,Fruit,55,3.9
Plum,207,Fruit,75,3.1
Plumcot,208,Fruit,8,2.0
Pumpkin,209,Fruit,89,5.5
Quince,210,Fruit,24,4.5
Chinese Quince,211,Fruit,34,5.1
Raisin,212,Fruit,30,2.0
Roseapple,213,Fruit,10,3.8
Sapodilla,214,Fruit,66,3.0
Soursop,215,Fruit,49,4.9
Spineless Monkey Orange,216,Fruit,57,3.7
Starfruit,217,Fruit,82,4.5
Tamarind,218,Fruit,59,4.9
Woodapple,219,Fruit,7,4.8
Bilberry,221,Fruit,67,2.3
Blackberry,222,Fruit,70,2.7
Blueberry,223,Fruit,62,2.6
Cherry,224,Fruit,47,5.0
Bitter Cherry,225,Fruit,5,3.2
Sour Cherry,226,Fruit,22,4.6
Sweet Cherry,227,Fruit,30,2.4
Cloudberry,228,Fruit,52,2.9
Cranberry,229,Fruit,80,5.2
Gooseberry,230,Fruit,49,5.8
Lingonberry,231,Fruit,99,3.8
Loganberry,232,Fruit,63,2.8
Raspberry,233,Fruit,80,3.6
Strawberry,234,Fruit,92,3.2
Strawberry Jam,235,Fruit,96,5.2
Bergamot,236,Fruit,42,3.8
Citrus Fruits,237,Fruit,26,2.2
Grapefruit,238,Fruit,76,5.0
Kumquat,239,Fruit,42,3.3
Lemon,240,Fruit,70,4.1
Lime,241,Fruit,78,5.9
Mandarin Orange,242,Fruit,66,3.4
Satsuma Orange,243,Fruit,94,3.7
Tangerine,244,Fruit,84,3.1
Vanilla,245,Fruit,59,5.2
Mushroom,246,Fungus,57,2.1
Truffle,247,Fungus,53,3.7
Angelica,248,Herb,34,9.3
Artemisia,249,Herb,65,4.3
Basil,250,Herb,36,9.9
Buckwheat,251,Herb,68,9.8
Calamus,252,Herb,13,5.9
Chervil,253,Herb,85,3.8
Coriander,254,Herb,71,4.8
Cornmint,255,Herb,70,4.8
Dill,256,Herb,69,8.1
Fennel,257,Herb,14,4.6
Fenugreek,258,Herb,36,9.7
Garlic,259,Herb,82,6.2
Lemon Balm,260,Herb,33,7.1
Liqourice,261,Herb,87,3.1
Mint,262,Herb,30,6.1
Rhubarb,263,Herb,4,3.1
Rosemary,264,Herb,75,7.2
Sage,265,Herb,95,5.6
Spearmint,266,Herb,64,3.9
Scotch Spearmint,267,Herb,20,9.0
Tarragon,268,Herb,5,5.8
Thyme,269,Herb,83,8.4
Beef,270,Meat,28,10.3
Beef Processed,271,Meat,59,11.9
Chicken,272,Meat,69,13.2
Frankfurter Sausage,273,Dish,99,13.2
Ham,274,Meat,60,17.6
Lamb,275,Meat,49,15.7
Meat,276,Meat,49,16.2
Mutton,277,Meat,99,10.0
Pork,278,Meat,13,18.6
Sukiyaki,279,Meat,38,15.2
Turkey,280,Meat,33,16.6
Almond,281,Nuts & Seed,27,8.6
Brazil Nut,282,Nuts & Seed,85,13.0
Cocoa,283,Nuts & Seed,2,10.7
Beans,284,Legume,7,4.5
Lima Beans,285,Legume,100,4.3
Kidney Beans,286,Legume,71,2.2
Peanut,287,Nuts & Seed,74,12.7
Peas,288,Legume,59,3.4
Soybean,289,Legume,37,3.7
Soybean Oil,290,Legume,53,4.5
Soybean Sauce,291,Plant,5,4.3
Filbert,292,Nuts & Seed,82,8.7
Hazelnut,293,Nuts & Seed,81,9.7
Macadamia Nut,294,Nuts & Seed,38,13.1
Pecans,296,Nuts & Seed,23,11.0
Walnut,297,Nuts & Seed,12,9.6
Muskmallow,298,Nuts & Seed,77,9.3
Sesame,299,Nuts & Seed,100,9.9
Allium,300,Plant,63,2.1
Alpinia,301,Plant,65,7.9
Ceriman,302,Plant,49,4.2
Chicory,303,Plant,79,1.6
Hops,304,Plant,15,9.7
Laurel,305,Plant,90,4.1
Myrtle,306,Plant,94,4.5
Olive,307,Plant,16,7.7
Pine,308,Plant,93,3.8
Sassafras,309,Plant,98,4.5
Tea,310,Plant,26,6.3
Fermented Tea,311,Plant,89,3.5
Tobacco,312,Plant,40,9.2
Watercress,313,Plant,11,2.8
Creosote,314,Plant,19,8.3
Honey,315,Plant,97,9.1
Macaroni,316,Plant,61,2.8
Mustard Oil,317,Plant,16,9.5
Peanut Butter,318,Plant,56,1.6
Peanut Oil,319,Plant,86,8.8
Rye,320,Cereal,70,9.7
Storax,321,Plant,70,5.2
Vinegar,322,Plant,7,5.9
Anise,323,Spice,69,4.2
Anise Hyssop,324,Spice,76,3.9
Star Anise,325,Spice,20,2.7
Caraway,326,Spice,23,1.7
Cardamom,327,Spice,74,4.1
Cassia,328,Spice,14,4.9
Celery,329,Spice,41,4.7
Cinnamon,330,Spice,50,2.1
Clove,331,Spice,53,1.1
Cumin,332,Spice,15,2.2
Ginger,333,Spice,81,4.3
Mace,334,Spice,49,2.0
Marjoram,335,Spice,47,4.6
Nutmeg,336,Spice,5,2.6
Oregano,337,Spice,93,2.1
Parsley,338,Spice,30,1.5
Pepper,339,Spice,67,4.5
Saffron,340,Spice,61,1.4
Turmeric,341,Spice,32,2.4
Green Beans,342,Vegetable,13,5.0
Chive,343,Vegetable,46,8.1
Endive,344,Vegetable,83,3.8
Leek,345,Vegetable,70,6.9
Lettuce,346,Vegetable,9,9.4
Okra,347,Vegetable,86,11.6
Onion,348,Vegetable,10,5.1
Shallot,349,Vegetable,59,11.7
Peppermint,350,Herb,26,3.9
Broccoli,351,Vegetable,21,10.2
Brussels Sprout,352,Vegetable,67,11.5
Cabbage,353,Vegetable,78,1.3
Cauliflower,354,Vegetable,67,3.8
Horseradish,355,Vegetable,75,3.7
Mustard,356,Vegetable,9,11.9
Radish,357,Vegetable,71,2.0
Turnip,358,Vegetable,50,11.6
Kohlrabi,359,Vegetable,61,7.2
Rutabaga,360,Vegetable,41,9.3
Wasabi,361,Vegetable,20,3.8
Capsicum,362,Vegetable,71,7.7
Cherry Pepper,363,Vegetable,91,5.2
Tomato,364,Vegetable,22,3.4
Chayote,365,Vegetable,32,11.5
Cucumber,366,Vegetable,90,8.4
Beetroot,367,Vegetable,12,8.0
Carrot,368,Vegetable,79,1.4
Parsnip,369,Vegetable,57,3.2
Sweet Potato,370,Vegetable,32,2.2
Asparagus,371,Vegetable,95,8.5
Cassava,372,Vegetable,29,8.6
Potato,373,Vegetable,97,1.4
Fried Potato,374,Bakery,3,4.6
Allspice,375,Spice,37,3.0
Asafoetida,376,Spice,67,3.6
Ashgourd,377,Vegetable,48,9.3
Bittergourd,378,Vegetable,42,5.6
Bottlegourd,379,Vegetable,13,6.3
Canola Oil,380,Essential Oil,61,6.0
Carom Seed,381,Spice,7,1.9
Chard,382,Vegetable,50,1.9
Apple Cider Vinegar,383,Plant,45,3.3
Colocasia,384,Vegetable,57,3.8
Curry Leaf,385,Herb,27,9.8
Drumstick Leaf,386,Vegetable,23,11.3
Eggplant,387,Vegetable,17,3.3
Flaxseed,388,Nuts & Seed,97,10.3
Jalapeno,389,Spice,59,3.3
Kenaf,390,Essential Oil,13,7.6
Lotus,391,Essential Oil,93,9.4
Nigella Seed,392,Nuts & Seed,98,8.3
Kewda,393,Essential Oil,12,5.3
Pomegranate,394,Fruit,17,3.6
Poppy Seed,395,Spice,91,4.0
Spinach,396,Vegetable,76,4.1
Turkey Berry,397,Vegetable,51,10.1
Water Chestnut,398,Fruit,49,5.4
White Pepper,399,Spice,55,1.2
Garcinia Indica,400,Fruit,25,4.0
Cluster Bean,401,Legume,75,3.4
Paneer,402,Dairy,83,8.9
Pigeon Pea,403,Legume,45,2.3
Basmati Rice,404,Cereal,38,7.7
Ricotta Cheese,405,Dairy,46,7.3
Silver linden,408,Herb,20,5.8
Redskin onion,409,Vegetable,25,4.3
Lemon verbena,410,Herb,65,3.4
Cashew nut,411,Nuts & Seed,19,13.9
Burdock,412,Vegetable,46,7.3
Borage,413,Herb,12,3.5
Capers,414,Herb,11,6.7
Safflower,415,Herb,1,9.2
Chestnut,416,Nuts & Seed,30,10.4
Chickpea,417,Legume,68,2.0
Pummelo,418,Fruit,57,2.8
Arabica coffee,419,Beverage,72,4.1
Japanese persimmon,421,Fruit,33,2.7
Black crowberry,422,Fruit,82,5.0
Rocket salad,423,Herb,73,5.0
Tartary buckwheat,424,Cereal,58,5.6
Black huckleberry,425,Fruit,76,5.5
Sunflower,426,Flower,58,4.2
Swamp cabbage,427,Vegetable,75,2.7
Grass pea,428,Legume,43,3.8
Lentils,429,Legume,51,2.8
Garden cress,430,Herb,38,7.6
Mexican oregano,431,Herb,100,4.9
Lupine,432,Plant,64,4.8
Medlar,433,Fruit,49,2.2
Mulberry,434,Fruit,70,4.7
Black mulberry,435,Fruit,83,5.2
Evening primrose,436,Herb,79,8.9
Millet,437,Legume,37,4.1
Scarlet bean,438,Legume,76,1.2
Pistachio,439,Nuts & Seed,48,13.5
Purslane,440,Plant,92,2.9
Red raspberry,441,Fruit,21,5.5
Black raspberry,442,Fruit,11,5.5
Sorrel,443,Herb,44,8.8
Summer savory,444,Herb,4,8.7
Winter savory,445,Herb,79,9.7
Cherry tomato,446,Fruit,54,3.8
Rowanberry,447,Fruit,13,4.8
Sorghum,448,Cereal,9,2.1
Dandelion,449,Flower,80,5.8
Linden,450,Herb,90,7.7
Small leaf linden,451,Plant,37,1.3
Wheat,452,Cereal,39,3.1
Sparkleberry,453,Fruit,53,5.5
Common verbena,454,Herb,31,5.3
Adzuki bean,455,Legume,56,1.1
Gram bean,456,Legume,46,2.0
Mung bean,457,Legume,90,3.2
Climbing bean,458,Legume,60,5.0
Muscadine grape,459,Fruit,61,2.3
Bayberry,460,Fruit,1,3.3
Elliott's blueberry,461,Fruit,86,2.1
Canada blueberry,462,Fruit,51,4.9
Buffalo currant,463,Fruit,49,5.2
Deerberry,464,Fruit,27,3.9
Ginseng,465,Vegetable,17,2.3
Longan,466,Plant,88,7.4
Rambutan,469,Fruit,18,5.2
Red rice,470,Cereal,7,8.9
Welsh onion,472,Vegetable,44,8.9
Hard wheat,473,Cereal,19,6.8
Triticale,474,Cereal,51,5.9
Komatsuna,475,Vegetable,47,3.8
Pak choy,476,Vegetable,72,7.5
Jostaberry,477,Fruit,12,3.2
Kai lan,478,Vegetable,36,4.4
Pineappple sage,480,Herb,36,4.1
Skunk currant,481,Fruit,21,4.4
Breakfast cereal,482,Cereal,59,4.4
Pasta,484,Bakery,5,9.2
Biscuit,485,Bakery,73,4.9
Sourdough,486,Cereal,22,4.9
Spirit,487,Beverage Alcoholic,93,19.7
Abalone,489,Fungus,20,1.3
Abiyuch,490,Plant,24,6.6
Acerola,491,Fruit,44,2.1
Acorn,492,Nuts & Seed,74,13.8
Winter squash,493,Fruit,11,4.2
Agar,494,Additive,78,2.2
Red king crab,495,Seafood,65,9.2
Alfalfa,496,Herb,79,4.1
Amaranth,497,Herb,5,6.5
Arrowhead,498,Vegetable,12,2.8
Arrowroot,499,Vegetable,23,4.8
Atlantic herring,500,Fish,9,7.1
Atlantic mackerel,501,Fish,56,5.4
Painted comber,502,Fish,15,10.5
Atlantic pollock,503,Fish,26,10.7
Atlantic wolffish,504,Fish,16,7.7
Bamboo shoots,505,Plant,61,5.0
Striped bass,506,Fish,82,5.0
Beaver,507,Meat,98,16.4
Beech nut,508,Nuts & Seed,79,12.3
Beluga whale,509,Fish,75,13.9
Bison,510,Meat,3,10.1
Black bear,511,Meat,22,11.3
Alaska blackfish,512,Fish,27,6.2
Northern bluefin tuna,513,Fish,40,12.0
Bluefish,514,Fish,76,13.1
Wild boar,515,Meat,40,10.0
Bowhead whale,516,Fish,43,5.7
Breadfruit,517,Fruit,41,3.8
Rapini,519,Vegetable,98,4.1
Brown bear,520,Meat,70,18.1
Buffalo,521,Meat,54,11.9
Burbot,522,Fish,43,13.5
Giant butterbur,523,Plant,73,1.3
American butterfish,524,Fish,51,6.0
Butternut,525,Nuts & Seed,99,8.9
Butternut squash,526,Fruit,25,5.3
Cardoon,527,Plant,37,7.0
Caribou,528,Meat,66,18.6
Natal plum,529,Fruit,15,5.4
Carob,530,Plant,52,7.8
Common carp,531,Fish,78,10.2
Channel catfish,532,Fish,70,14.3
Chia,533,Herb,72,5.5
Chinese chestnut,534,Nuts & Seed,20,11.9
Garland chrysanthemum,535,Flower,85,5.8
Cisco,536,Fish,30,3.5
Nuttall cockle,537,Fish,19,13.7
Common octopus,538,Seafood,3,6.9
Corn salad,539,Vegetable,49,11.5
Cottonseed,540,Plant,33,2.5
Catjang pea,541,Legume,11,2.6
Squashberry,542,Fruit,24,4.5
Atlantic croaker,543,Fish,95,3.5
Cusk,544,Fish,24,4.1
Cuttlefish,545,Fish,7,4.9
Mule deer,546,Meat,52,14.9
Devilfish,547,Fish,66,14.3
Dock,548,Herb,100,5.1
Dolphin fish,549,Fish,92,11.0
Freshwater drum,550,Fish,51,6.3
Wild duck,551,Meat,19,18.8
Freshwater eel,552,Fish,26,10.4
Elk,553,Meat,59,10.2
Emu,554,Meat,2,15.5
Oregon yampah,555,Plant,52,7.2
European anchovy,556,Fish,56,6.4
European chestnut,557,Nuts & Seed,33,8.7
Turbot,558,Fish,83,10.3
Fireweed,559,Herb,33,7.8
Florida pompano,560,Fish,40,12.5
Ginkgo nuts,561,Nuts & Seed,68,9.3
Greylag goose,562,Meat,49,12.3
Greenland halibut,563,Fish,22,14.6
Groundcherry,564,Fruit,83,4.8
Grouper,565,Fish,2,3.2
Haddock,566,Fish,32,5.6
Hippoglossus,567,Fish,6,7.0
Horse,568,Meat,5,15.1
Hyacinth bean,569,Legume,36,1.6
Irish moss,570,Seafood,91,9.8
Pacific jack mackerel,571,Fish,72,6.7
Japanese chestnut,572,Nuts & Seed,18,12.6
Jerusalem artichoke,573,Vegetable,100,7.4
Jujube,574,Fruit,2,4.4
Jute,575,Plant,45,8.5
Kale,576,Vegetable,3,9.3
King mackerel,577,Fish,29,10.0
Lambsquarters,578,Plant,65,5.0
Leather chiton,579,Seafood,10,11.6
Common ling,580,Fish,46,7.3
Lingcod,581,Fish,68,4.0
White lupine,582,Plant,56,10.0
Malabar spinach,583,Vegetable,77,8.8
Mammee apple,584,Fruit,48,2.6
Purple mangosteen,585,Fruit,10,2.3
Alpine sweetvetch,586,Plant,21,2.3
Milkfish,587,Fish,58,7.5
Monkfish,588,Fish,48,6.2
Moose,589,Meat,46,12.6
Moth bean,590,Legume,31,3.2
Mountain yam,591,Vegetable,85,5.3
Striped mullet,592,Fish,6,3.6
Muskrat,593,Meat,71,11.1
New Zealand spinach,594,Vegetable,21,1.5
Nopal,595,Plant,68,5.3
Ocean pout,596,Fish,27,7.5
North Pacific giant octopus,597,Seafood,15,10.6
Ohelo berry,598,Fruit,66,2.3
Opossum,600,Meat,55,11.9
Ostrich,601,Meat,37,13.2
Spotted seal,602,Seafood,48,10.1
Pacific herring,603,Fish,30,8.1
Pacific rockfish,604,Fish,99,13.0
Common persimmon,606,Fruit,38,5.4
Pheasant,607,Meat,32,10.8
Northern pike,608,Fish,76,13.8
Pili nut,609,Nuts & Seed,99,10.5
Colorado pinyon,610,Plant,56,3.6
Pitanga,611,Fruit,21,4.7
French plantain,612,Plant,99,4.4
American pokeweed,613,Herb,46,5.2
Polar bear,614,Meat,39,16.6
Prairie turnip,615,Vegetable,78,8.1
Quinoa,616,Cereal,41,4.2
European rabbit,617,Meat,63,12.8
Raccoon,618,Meat,29,10.9
Rainbow smelt,619,Fish,41,7.4
Rainbow trout,620,Fish,1,12.2
Malabar plum,621,Fruit,94,3.7
Rose hip,622,Fruit,17,3.8
Roselle,623,Herb,89,6.4
Orange roughy,624,Fish,49,10.3
Sablefish,625,Fish,72,8.8
Pink salmon,626,Fish,21,4.3
Chum salmon,627,Fish,62,10.1
Coho salmon,628,Fish,59,14.7
Sockeye salmon,629,Fish,33,10.1
Chinook salmon,630,Fish,69,8.9
Atlantic salmon,631,Fish,45,6.3
Salmonberry,632,Fruit,21,3.6
Common salsify,633,Plant,21,1.7
Spanish mackerel,634,Fish,48,4.6
Pacific sardine,635,Fish,28,10.2
Scup,636,Fish,65,4.5
Sea cucumber,637,Seafood,76,12.6
Steller sea lion,638,Seafood,32,13.9
Bearded seal,639,Seafood,75,11.3
Ringed seal,640,Seafood,15,12.9
Sea trout,641,Fish,36,10.4
Sesbania flower,642,Flower,92,2.1
American shad,643,Fish,37,10.8
Shark,644,Fish,37,6.6
Sheefish,645,Fish,96,4.0
Sheepshead,646,Fish,32,8.3
Hedge mustard,647,Vegetable,94,11.5
Snapper,648,Fish,32,4.6
Spelt,649,Cereal,51,7.5
Spirulina,650,Additive,22,4.4
Squab,651,Meat,34,15.9
Squirrel,652,Meat,73,10.5
Greater sturgeon,653,Fish,18,5.1
White sucker,654,Fish,60,11.8
Pumpkinseed sunfish,655,Fish,23,12.1
Swordfish,656,Fish,62,4.7
Taro,657,Vegetable,58,3.4
Teff,658,Herb,13,8.9
Tilefish,659,Fish,7,9.6
Mexican groundcherry,660,Fruit,57,4.4
Towel gourd,661,Vegetable,36,1.7
Salmonidae,662,Fish,76,11.8
Walleye,663,Fish,98,6.1
Alaska pollock,664,Fish,63,5.6
Whelk,665,Seafood,92,11.2
Broad whitefish,667,Fish,86,14.4
Whitefish,668,Fish,63,3.7
Whiting,669,Fish,97,3.6
Wild rice,670,Cereal,74,8.5
Tea leaf willow,671,Herb,43,7.2
Winged bean,672,Legume,50,1.5
Yam,673,Vegetable,19,11.6
Jicama,674,Vegetable,80,8.6
Yautia,675,Plant,17,2.6
Yellowfin tuna,676,Fish,30,8.4
Yellowtail amberjack,677,Fish,94,7.8
Pollock,678,Fish,59,9.6
Albacore tuna,679,Fish,45,9.1
Atlantic halibut,680,Fish,87,12.3
Smelt,682,Fish,59,8.7
Clupeinae,683,Fish,21,7.6
Spiny lobster,684,Seafood,28,10.6
Black-eyed pea,685,Legume,20,3.8
Deer,686,Meat,87,10.7
Percoidei,687,Fish,25,13.4
Perciformes,688,Fish,64,4.5
Rabbit,690,Meat,18,13.5
Beefalo,691,Meat,36,13.2
Bivalvia,693,Seafood,44,11.3
Flatfish,694,Fish,29,5.7
Walrus,695,Seafood,39,13.3
Alaska wild rhubarb,696,Plant,38,4.8
Oriental wheat,697,Cereal,2,3.2
Yardlong bean,698,Legume,85,5.0
Great horned owl,699,Meat,12,12.7
Quail,700,Meat,96,14.4
Boysenberry,701,Fruit,15,5.8
Rowal,702,Plant,98,8.7
Jew's ear,703,Fungus,47,1.5
Shiitake,704,Fungus,56,3.5
Purple laver,705,Seafood,44,5.7
Wakame,706,Seafood,20,11.6
Enokitake,707,Fungus,99,3.3
Epazote,708,Herb,62,7.7
Oyster mushroom,709,Fungus,11,1.9
Cloud ear fungus,710,Fungus,10,3.3
Maitake,711,Fungus,36,1.2
Ostrich fern,712,Plant,96,4.8
Spot croaker,713,Fish,20,3.4
Sourdock,714,Herb,4,8.4
Tinda,715,Vegetable,94,10.8
Atlantic menhaden,716,Fish,44,10.9
Agave,717,Plant,16,6.2
Narrowleaf cattail,718,Herb,29,3.7
Jellyfish,719,Seafood,12,9.0
Anchovy,720,Fish,76,8.0
Blue whiting,721,Fish,43,4.3
Carp bream,722,Fish,48,3.2
Chanterelle,723,Fungus,89,1.3
Sturgeon,724,Fish,73,6.5
Charr,725,Fish,15,14.5
Common dab,726,Fish,57,12.1
Spiny dogfish,727,Fish,88,7.9
Anatidae,728,Meat,53,10.4
Anguilliformes,729,Fish,26,12.7
True frog,730,Meat,5,14.8
Garfish,731,Fish,9,14.9
Gadiformes,732,Fish,19,8.0
Mountain hare,733,Meat,75,19.7
Lake trout,734,Fish,67,12.8
Lemon sole,735,Fish,99,7.2
Lumpsucker,736,Fish,46,6.4
Scombridae,737,Fish,65,5.9
Norway haddock,738,Fish,90,6.6
Norway pout,739,Fish,27,7.3
Oil palm,740,Plant,86,5.7
Sago palm,741,Plant,41,4.7
Persimmon,742,Fruit,29,3.5
Pikeperch,743,Fish,45,10.4
Pleuronectidae,744,Fish,34,14.3
Rock ptarmigan,745,Meat,76,10.5
Pacific ocean perch,746,Fish,49,7.9
Black salsify,747,Plant,89,3.8
True seal,748,Seafood,97,7.0
Red algae,749,Seafood,30,11.1
Kombu,750,Seafood,33,11.7
Snail,751,Meat,21,16.3
True sole,752,Fish,21,11.0
Catfish,753,Fish,87,4.0
Thistle,754,Plant,20,3.2
Common Tuna,755,Fish,56,9.9
Cetacea,756,Fish,68,4.2
Columbidae,757,Meat,16,12.6
Conch,758,Fish,55,3.6
Berry wine,759,Beverage Alcoholic,72,10.1
Vodka,762,Beverage Alcoholic,89,19.8
Ice cream,763,Dish,69,8.1
Vermouth,764,Beverage Alcoholic,93,16.1
Madeira wine,765,Beverage Alcoholic,15,13.9
Nougat,766,Dish,59,16.6
Toffee,767,Dish,63,17.1
Cake,768,Dish,26,11.4
Pizza,769,Dish,23,14.2
Ymer,770,Dairy,88,5.9
Pastry,772,Dish,13,15.1
DragÌ©e,773,Dish,48,18.8
Chewing gum,774,Dish,40,17.1
Marzipan,775,Dish,16,17.7
Salad dressing,776,Dish,81,8.1
Salt,778,Additive,29,3.1
Cream,780,Dairy,44,6.6
Sugar,781,Additive,36,4.3
Sausage,782,Dish,15,16.1
Meatball,783,Dish,74,19.7
Pate,784,Dish,14,12.8
Meat bouillon,786,Dish,50,17.9
Whey,788,Dairy,36,4.3
Casein,789,Additive,83,4.1
Leavening agent,791,Additive,36,3.4
Marshmallow,792,Bakery,92,5.0
Gelatin,793,Additive,16,2.1
Water,794,Additive,18,2.2
Milk Human,796,Dairy,21,4.4
Dumpling,799,Dish,53,14.4
Soup,800,Dish,29,10.9
Syrup,803,Additive,73,4.6
Remoulade,805,Dish,7,17.6
Chocolate spread,806,Plant,7,2.4
Fruit gum,807,Dish,67,20.0
Meringue,810,Bakery,83,8.9
Cocoa butter,814,Plant,82,8.3
Cocoa powder,815,Plant,91,1.5
Chocolate,817,Plant,30,4.7
Hot chocolate,818,Beverage,41,4.1
Kefir,820,Dairy,86,7.4
Miso,822,Additive,32,4.3
Tofu,823,Plant,63,5.7
Zwieback,824,Dish,37,13.7
Roe,825,Fish,1,10.5
Cichlidae,826,Fish,51,13.3
Icing,827,Additive,3,4.9
Snack bar,828,Dish,42,14.8
Green turtle,829,Meat,40,11.7
Burrito,831,Dish,62,11.8
Hamburger,832,Dish,48,9.7
Taco,834,Dish,76,12.5
Tortilla,835,Dish,37,17.8
Nachos,836,Dish,69,15.9
Salad,837,Dish,100,12.7
Dulce de leche,839,Dairy,50,8.1
Topping,840,Additive,46,1.5
Sweet custard,841,Dairy,70,9.9
Egg roll,842,Dish,57,12.1
Heart of palm,843,Vegetable,40,3.6
Potato chip,845,Bakery,58,7.4
Tortilla chip,846,Bakery,70,8.0
Corn chip,847,Bakery,29,6.2
Hibiscus tea,848,Beverage,99,4.6
Stew,849,Dish,44,9.8
Gelatin dessert,850,Additive,9,3.8
Junket,851,Dairy,47,9.4
Falafel,852,Dish,32,8.8
Frybread,853,Dish,36,10.6
Lasagna,855,Dish,25,15.0
Morchella,856,Fungus,67,3.1
Pancake,857,Dish,72,16.0
Pectin,858,Additive,34,4.0
Pudding,859,Dish,15,17.0
Waffle,860,Dish,36,18.3
Soy milk,861,Beverage,83,7.0
Meatloaf,862,Dish,85,15.3
Cocktail,863,Beverage,43,6.8
Couscous,864,Dish,36,9.8
Bulgur,865,Cereal,88,6.0
Coffee mocha,867,Beverage,90,3.3
Chimichanga,868,Dish,8,10.9
Semolina,869,Cereal,43,2.5
Tapioca pearl,870,Vegetable,62,11.8
Tostada,871,Dish,46,16.9
Quesadilla,872,Dish,61,13.0
Baked potato,873,Dish,29,15.3
Hot dog,874,Dish,8,14.7
Spread,875,Additive,90,1.8
Enchilada,876,Dish,51,12.1
Ketchup,880,Additive,100,2.4
Adobo,882,Dish,81,15.4
Horned melon,884,Fruit,36,5.7
Hushpuppy,885,Dish,57,8.9
Fruit juice,886,Beverage,52,7.0
Relish,887,Dish,84,8.7
Fruit salad,889,Dish,49,19.7
Soy yogurt,890,Plant,41,7.0
Cold cut,893,Dish,71,13.2
Mixed nuts,894,Nuts & Seed,59,14.9
Babassu palm,895,Plant,21,6.5
Shea tree,897,Plant,51,8.4
Oil-seed Camellia,898,Plant,35,7.4
Ucuhuba,899,Plant,64,6.8
Phyllo dough,900,Bakery,82,7.1
Cooking oil,901,Additive,13,1.0
Pie crust,902,Bakery,70,4.7
Pie,904,Dish,83,12.4
Shortening,905,Additive,28,1.7
Soy cream,906,Dish,65,9.4
Ice cream cone,907,Dish,55,8.9
Molasses,908,Additive,16,3.7
Nance,909,Fruit,70,3.4
Natto,911,Dish,50,12.9
Ravioli,912,Dish,24,15.6
Scrapple,913,Dish,31,10.2
Succotash,915,Dish,50,9.9
Tamale,916,Dish,2,14.0
Rice cake,917,Dish,86,8.3
Tree fern,918,Plant,60,2.2
Evaporated milk,919,Dairy,15,5.5
Flour,920,Cereal,97,8.6
Akutaq,921,Dish,37,13.8
Pita bread,923,Bakery,43,10.0
Focaccia,924,Bakery,89,5.5
Bagel,925,Bakery,65,6.1
Piki bread,927,Bakery,18,3.0
French toast,928,Bakery,51,3.9
Oat bread,929,Bakery,21,2.3
Potato bread,930,Bakery,55,8.8
Cornbread,931,Maize,67,1.3
Corn grits,932,Maize,47,3.7
Multigrain bread,933,Bakery,18,6.8
Rice bread,934,Bakery,27,2.2
Pan dulce,935,Bakery,76,2.8
Raisin bread,936,Bakery,93,5.4
Wonton wrapper,937,Bakery,31,2.0
Trail mix,938,Dish,72,11.9
Greenthread tea,939,Beverage,8,2.5
Vegetable juice,941,Beverage,67,4.2
Horchata,942,Beverage,66,6.5
Soft drink,943,Beverage,99,4.3
Milkshake,944,Beverage,78,2.3
Chocolate mousse,945,Bakery,43,5.2
Pupusa,947,Dish,41,10.0
Empanada,948,Dish,25,14.6
Arepa,949,Dish,24,8.7
Ascidians,950,Seafood,15,11.9
Gefilte fish,951,Dish,97,19.7
Yellow pond lily,952,Plant,74,9.9
Fish burger,953,Dish,21,9.8
Pot pie,955,Dish,55,9.7
Stuffing,956,Additive,28,4.4
Fudge,958,Bakery,88,5.8
Candy bar,959,Bakery,94,7.2
Condensed milk,960,Dairy,60,7.1
Margarine,961,Additive,3,3.3
Hummus,963,Dish,11,16.2
Potato puffs,964,Dish,71,19.0
Potato gratin,965,Dish,46,16.9
Chinese bayberry,967,Fruit,53,5.1
Green zucchini,968,Vegetable,19,10.3
Zucchini,969,Vegetable,98,7.8
Saskatoon berry,970,Fruit,47,4.6
Nanking cherry,971,Fruit,13,3.4
Japanese pumpkin,972,Fruit,87,3.0
Guinea hen,977,Meat,86,11.1
Cucurbita,978,Vegetable,31,5.8
Anise Oil,979,Fruit,6,3.6
Apple Juice,980,Fruit,66,2.6
Coconut Milk,981,Beverage,32,3.1
Coconut Oil,982,Fruit,8,3.8
Hops Beer,983,Beverage Alcoholic,25,18.4
Lemon Juice,984,Beverage,100,5.6
Brown Rice,985,Cereal,76,4.7
Tomato Juice,986,Beverage,69,4.2
Tomato Paste,987,Vegetable,80,1.6
Tomato Puree,988,Vegetable,46,10.0
Coriander Seed,989,Vegetable,48,6.9
Lard,990,Meat,50,14.2
Cured Ham,991,Meat,75,12.8
Cayenne,992,Spice,9,4.5
Yeast,993,Fungus,94,3.4
Tequila,994,Beverage Alcoholic,60,11.3
Sauerkraut,995,Vegetable,42,7.4
Baking Powder,996,Additive,41,1.2
Monosodium Glutamate,997,Additive,19,2.4
Citric Acid,998,Additive,6,4.0
Cooking Spray,999,Additive,21,1.5
Food Coloring,1001,Additive,93,2.9
Liquid Smoke,1002,Additive,1,1.1
Garam Masala,2000,Spice,11,4.3
Ginger Garlic Paste,2001,Spice,42,2.2
Coriander Cumin Seed Powder,2002,Spice,92,1.0
Chaat Masala,2003,Spice,28,2.2
Sambar Powder,2004,Spice,68,3.3
Chole Masala,2005,Spice,29,3.6
Rasam Powder,2006,Spice,94,1.9
Tandoori Masala,2007,Spice,88,2.2
Curry Powder,2008,Spice,50,1.2
Panch Pharon Seed,2009,Spice,3,3.8
Chicken Masala Powder,2010,Spice,69,4.3
Goda Masala,2011,Spice,64,5.0
Jal Jeera Powder,2012,Spice,20,3.5
Ginger Garlic Coriander Leaves,2013,Spice,50,2.9
Pulao Masala,2014,Spice,83,3.4
Dabeli Masala,2015,Spice,57,1.4
Cake Mix,2016,Dish,13,18.6
Half Half,2017,Dairy,97,7.4
Ale,2018,Beverage Alcoholic,40,15.1
Vermicelli,2019,Dish,62,13.4
Self Rising Flour,2020,Cereal,22,7.1
Mayonnaise,2021,Dish,25,14.6
Salt-Pepper,2022,Additive,14,4.2
Croissant,2023,Dish,37,14.3
Puff Pastry,2024,Dish,66,15.3
Green Chutney,2025,Spice,35,1.3
Cajun Seasoning,2026,Spice,68,2.2
Vegetable Broth,2027,Dish,58,8.8
Tandoori Paste,2028,Dish,52,18.4
Mixed Vegetables,2029,Vegetable,42,11.8
Salad Creme,2030,Dish,25,17.0
Worcestershite Sauce,2031,Dish,79,11.1
Coleslaw,2032,Dish,43,12.0
Vegetable Stock,2033,Vegetable,73,5.6
Mascarpone,2034,Dish,82,10.4
Fettuccine,2035,Dish,74,13.4
Italian Seasoning,2036,Spice,8,1.4
Spinach Fettuccine,2038,Dish,21,9.3
Hoisin Sauce,2039,Dish,51,16.2
Barbeque Sauce,2040,Dish,18,17.7
Sponge Cake,2041,Dish,99,10.3
Baking Mix,2042,Dish,87,10.9
Hot Sauce,2043,Dish,83,16.1
Dried Mixed Fruit,2044,Fruit,80,2.5
Candied Mixed Fruit,2045,Fruit,91,3.8
Gulkand,2046,Dish,91,15.6
Pancetta,2047,Dish,5,10.4
Phyllo,2048,Cereal,63,8.8
Pie Crust,2049,Cereal,70,6.4
Prosciutto,2050,Meat,47,18.9
Creole Seasoning,2051,Spice,50,2.8
Chinese Five Spice Powder,2052,Spice,11,4.2
Old Bay Seasoning,2053,Spice,85,4.5
Adobo Sauce,2054,Dish,29,10.9
Cracker Crumb,2055,Dish,32,13.9
Ranch Dressing,2057,Spice,21,4.4
Poultry Seasoning,2058,Spice,56,2.0
Tahini,2059,Dish,65,10.4
Herbe de Provence,2060,Spice,30,3.2
Tart Shell,2061,Dish,34,10.2
Bear,2065,Meat,33,14.4
Whale,2066,Fish,74,11.9
Seal,2068,Fish,86,8.7
Tuna,2069,Fish,70,5.9
Croaker,2070,Fish,93,5.4
Mackerel,2071,Fish,3,3.0
Perch,2074,Fish,79,5.7
Hibiscus Tea,2077,Dish,58,9.7
Octopus,2079,Seafood,49,9.8
Oat Bread,2080,Bakery,63,4.0
Pita Bread,2081,Bakery,79,4.3
Raisin Bread,2082,Bakery,92,8.3
Multigrain Bread,2083,Bakery,8,3.5
Pout,2085,Fish,75,6.1
Herring,2086,Fish,9,11.0
Cooking Oil,2089,Additive,13,1.2
Rice Cake,2090,Bakery,60,8.2
Trout,2091,Fish,11,11.8
Halibut,2093,Fish,52,7.5
Cider Vinegar,2102,Dish,20,17.7
